FILENAME,POET,POEM
Abdelmonim-Nagwa.png,Abdelmonim Al Rifaaii,Nagwa
Abdulrahma-Bochraa Fa.png,Abdulrahman Al Souaydi,Bochraa FaInna Annasra Waafaanaa
Abi Alatah-Inna Al Fa.png,Abi Alatahiya,Inna Al Fanae
Abou Al Fa-Itha warad.png,Abou Al Fayd Al Kattani,Itha waradna maaa madyana
Abou Al ka-Gannaho al.png,Abou Al kasem Al Chabbi,Gannaho al amso
Abou Al ka-Yaa Labtis.png,Abou Al kasem Al Chabbi,Yaa Labtissamati Qalbin
Abou Al ka-Yaa Rafiik.png,Abou Al kasem Al Chabbi,Yaa Rafiiki
Abou Alala-Ijtanib An.png,Abou Alalae Al Maarri,Ijtanib Annass
Abou Alala-Kollon 3la.png,Abou Alalae Al Maarri,Kollon 3la Makrouhihi
Abou Alala-Qifee waqf.png,Abou Alalae Al Maarri,Qifee waqfatan
Abou Firas-Allawmo Li.png,Abou Firas Al Hamadani,Allawmo Lil3aachiqin
Abou Firas-Liayyikomo.png,Abou Firas Al Hamadani,Liayyikomou athkoro
Abou Firas-Yaa Hasrat.png,Abou Firas Al Hamadani,Yaa Hasratan
Abou Nawas-Ilaahana.png,Abou Nawas,Ilaahana
Abou Nawas-3azzou Akh.png,Abou Nawas,3azzou Akhillaya Qalbi
Acharif Ar-Amaa Konta.png,Acharif Arradi,Amaa Konta Ma3a Alhayyi
Ahmed Al K-Foaadon mi.png,Ahmed Al Kiwani,Foaadon miloho amalo
Ahmed Al K-Wajdon Lah.png,Ahmed Al Kiwani,Wajdon Lahou
Ahmed Chaw-Afifo Al J.png,Ahmed Chawqui,Afifo Al Jahri
Ahmed Chaw-Akhathat N.png,Ahmed Chawqui,Akhathat Na3chaki Misrou
Ahmed Chaw-Bayna Sam3.png,Ahmed Chawqui,Bayna Sam3i Allah
Ahmed Chaw-Fachawdato.png,Ahmed Chawqui,Fachawdato Riwaayaton
Ahmed Chaw-Modnaka.png,Ahmed Chawqui,Modnaka
Ahmed Chaw-Yabna Zayd.png,Ahmed Chawqui,Yabna Zaydoun Marhaba
Ahmed Rami-Ila Um Kol.png,Ahmed Rami,Ila Um Kolthoum
Ahmed Rami-Robaa3ayaa.png,Ahmed Rami,Robaa3ayaat Al Khayyam
Al Aacha-Moallaqa.png,Al Aacha,Moallaqa
Al Akhtal-Kad Gharra.png,Al Akhtal,Kad Gharrahom
Al Bohtori-Maa Lilkab.png,Al Bohtori,Maa Lilkabiiri Min Ghawaani
Al Boussir-Al Borda.png,Al Boussiri,Al Borda
Al Charif -Ilaa Kam A.png,Al Charif Al Mortada,Ilaa Kam Aqoudo Qawman
Al Harith -Moallaqa.png,Al Harith Ibn Hiliza,Moallaqa
Al Hays Ba-Wa Bilqasr.png,Al Hays Bays,Wa Bilqasri Arihi
Al Hosari -Ya Laylo A.png,Al Hosari Al Qayrawani,Ya Laylo Al Sabbo
Al Khansae-Alaa Abki .png,Al Khansae,Alaa Abki 3laa Sakhr
Al Khansae-Marahat 3a.png,Al Khansae,Marahat 3ayni
Al Manfalo-Ayyoha Al .png,Al Manfalouti,Ayyoha Al Fatiko Al Athiimo
Al Motanab-A haqon 3a.png,Al Motanabbi,A haqon 3afa bidam3ika
Al Motanab-Aid.png,Al Motanabbi,Aid
Al Motanab-Lahawa Aln.png,Al Motanabbi,Lahawa Alnofouss
Al Motanab-Maa Lilmor.png,Al Motanabbi,Maa Lilmorouji Al khodri
Al Motanab-Wa chaamik.png,Al Motanabbi,Wa chaamikin mina al jibaali
Al Naabigh-Moallaqa.png,Al Naabigha Al Dobiaani,Moallaqa
Ali Al Jaa-Al Chariid.png,Ali Al Jaarem,Al Chariid
Amr Ibn Ko-Moallaqa.png,Amr Ibn Kolthoum,Moallaqa
Antara Ibn-Moallaqa.png,Antara Ibn Chaddad,Moallaqa
Antara Ibn-Yaa 3ablo .png,Antara Ibn Chaddad,Yaa 3ablo Khalli
Assilkato -Taafa yabg.png,Assilkato Ommo Al Saliik,Taafa yabghi najwatan
Aws Ibn Ha-Alam Taksi.png,Aws Ibn Hajr,Alam Taksifi Achamso
Bachar Ibn-Taala Fi H.png,Bachar Ibn Bord,Taala Fi Hind
Bachar Ibn-Tajahaza T.png,Bachar Ibn Bord,Tajahaza Taala Fi Al Nasabi
Badiie Azz-Lain Ahraz.png,Badiie Azzaman Al Hamadani,Lain Ahrazaka Alda3i
Badiie Azz-Salamon Ra.png,Badiie Azzaman Al Hamadani,Salamon Raihon Ghadi
Chadli Kha-Raahato An.png,Chadli Khaznah Daar,Raahato Annoha
Chadli Kha-Zaana Tarf.png,Chadli Khaznah Daar,Zaana Tarfoha Al Hawaro
Gibran Kha-Rabbata Al.png,Gibran Khalil Gibran,Rabbata Al Dawlati
Hafez Ibra-Ahlan Biaw.png,Hafez Ibrahim,Ahlan Biawali moslimin
Hafez Ibra-Ma Lihatha.png,Hafez Ibrahim,Ma Lihatha Annajm
Hajib Ibn -Batat Talo.png,Hajib Ibn Habib,Batat Taloumo
Hassan Ibn-Onthor Kha.png,Hassan Ibn Thabit,Onthor Khaliili
Ibn Al Kha-Mawlaya.png,Ibn Al Khatib,Mawlaya
Ibn Al Moa-Jaara haad.png,Ibn Al Moatazz,Jaara haada al dahro
Ibn Al Moa-La Ara Fil.png,Ibn Al Moatazz,La Ara Fil 3athili
Ibn Khafaa-Marra bina.png,Ibn Khafaajah,Marra bina wa howa badro
Ibn Nabaat-Afdi Qamar.png,Ibn Nabaatah Al Misri,Afdi Qamar
Ibn Roumi-Dardato Ib.png,Ibn Roumi,Dardato Ibrahim
Ibn Roumi-Ghosnon mi.png,Ibn Roumi,Ghosnon mina al bani
Ibn Roumi-Lakad Raay.png,Ibn Roumi,Lakad Raaynaa 3ajaban
Ibn Sinae -Ayadfa3oni.png,Ibn Sinae Al Malik,Ayadfa3oni Dahro
Ibn Sinae -Laqad Laqa.png,Ibn Sinae Al Malik,Laqad Laqayto Nasban
Ibn Zaydou-Yaa Dam3i .png,Ibn Zaydoun,Yaa Dam3i sob maa chiata
Ibrahim Na-Qolto Lilb.png,Ibrahim Nagui,Qolto Lilbahr
Ilyass Abo-Laa Yachoq.png,Ilyass Abou Chabaka,Laa Yachoqona arabon
Jamil Sidk-Inna man q.png,Jamil Sidki Al Zahawi,Inna man qad jabbalak
Jarir-Baana Al K.png,Jarir,Baana Al Khaliito
Jarir-Inni Imrii.png,Jarir,Inni Imriin
Khalil Mat-Al Qoloubo.png,Khalil Matran,Al Qoloubo Wal Moqalo
Khalil Mat-Alaama Yok.png,Khalil Matran,Alaama Yokaamo timthaali
Khalil Mat-Hakou Lana.png,Khalil Matran,Hakou Lana
Lobayd Ibn-Moallaqa.png,Lobayd Ibn Rabiia,Moallaqa
Mahmoud Sa-Mas3aak.png,Mahmoud Sami Al Baroudi,Mas3aak
Mahmoud Sa-Waylaho Mi.png,Mahmoud Sami Al Baroudi,Waylaho Min Nari Alhawa
Mikhail No-Sakfo bayt.png,Mikhail Noayma,Sakfo bayti hadid
Moein Bass-Al Milad.png,Moein Bassissou,Al Milad
Mohammed A-Janniniini.png,Mohammed Asmouni,Janniniini wa stariihi
Mostafa Sa-Kaasouki Y.png,Mostafa Sadek Al Rafii,Kaasouki Yaa Chamso Al Doha
Obayd Ibn -Moallaqa.png,Obayd Ibn Al Abrass,Moallaqa
Omar Ibn A-Alaa yaa b.png,Omar Ibn Abii Rabiia,Alaa yaa bakro kad taraqaa
Omar Ibn A-Taribto Wa.png,Omar Ibn Abii Rabiia,Taribto Warda Man Tahwaa
Omayma Bin-Abaa Layli.png,Omayma Bint Omaya,Abaa Layli
Omroo Al K-Liman Tala.png,Omroo Al Kays,Liman Talalon Bayna Al Jodayyati Wal Jabal
Omroo Al K-Moallaqa.png,Omroo Al Kays,Moallaqa
Omroo Al K-Ya Dara Ma.png,Omroo Al Kays,Ya Dara Mawiyata
Qays Ibn A-Alaa Fasal.png,Qays Ibn Al Molawah,Alaa Fasali Al Rokban
Safiy Al D-Ayna Filhi.png,Safiy Al Din Al Hilli,Ayna Filhimaa Arabo
Safiy Al D-Chakawto I.png,Safiy Al Din Al Hilli,Chakawto Ilayki aljawaa
Siham Al B-Bariiqo Al.png,Siham Al Brahmi,Bariiqo Al Hibr
Souleyman -Yaa Taarik.png,Souleyman Ben Sahman,Yaa Taarikan Limaraadi Allah
Taabbata C-Inna Bi Ch.png,Taabbata Charran,Inna Bi Chaabi
Tarafa Ibn-Achajaaka .png,Tarafa Ibn Al Abd,Achajaaka Al rab3o
Tarafa Ibn-Moallaqa.png,Tarafa Ibn Al Abd,Moallaqa
Zohayr Ibn-Amin Aali .png,Zohayr Ibn Abi Salma,Amin Aali Layla
Zohayr Ibn-Bana Alkha.png,Zohayr Ibn Abi Salma,Bana Alkhalit
Zohayr Ibn-Moallaqa.png,Zohayr Ibn Abi Salma,Moallaqa
