POETRY,USG,POT,REP,DIV,EVE,VAR
Abdelmonim Al Rifaaii - Nagwa,0.098,6,0.167,1.559,0.968,0.97
Abdulrahman Al Souaydi - Bochraa FaInna Annasra Waafaanaa,0.196,3,0.125,1.626,0.782,1.186
Abi Alatahiya - Inna Al Fanae,0.11,5,0.182,1.073,0.666,0.426
Abi Alatahiya - Maa Lilmaqaabiri,0.033,5,0.333,1.223,0.882,0
Abi Alatahiya - Sobhaana Allami Al Ghoyoub,0.04,4,0.222,1.274,0.791,0.333
Abou Al Fayd Al Kattani - Itha waradna maaa madyana,0,0,0.152,1.425,0.795,1.226
Abou Al kasem Al Chabbi - Gannaho al amso,0.15,3,0.2,0.735,0.669,0.379
Abou Al kasem Al Chabbi - Yaa Labtissamati Qalbin,0.154,2,0.13,1.398,0.868,0.988
Abou Al kasem Al Chabbi - Yaa Rafiiki,0.185,5,0.135,1.403,0.872,1.259
Abou Alalae Al Maarri - Ijtanib Annass,0.07,7,0.091,1.28,0.924,1.3
Abou Alalae Al Maarri - Kollon 3la Makrouhihi,0.055,6,0.2,1.41,0.876,0.823
Abou Alalae Al Maarri - Marhaban Bil Mawti,0.04,8,0.167,1.309,0.944,1.378
Abou Alalae Al Maarri - Qifee waqfatan,0.06,2,0.267,1.034,0.941,0.743
Abou Firas Al Hamadani - Allawmo Lil3aachiqin,0.064,2,0.207,1.513,0.777,0.769
Abou Firas Al Hamadani - Liayyikomou athkoro,0.072,2,0.333,1.003,0.913,0.943
Abou Firas Al Hamadani - Yaa Hasratan,0.2,4,0.244,1.301,0.808,0.625
Abou Nawas - Hamilo Al Hawa,0.03,3,1,0.693,1,0
Abou Nawas - Ilaahana,0.1,3,0.3,1,0.91,0.718
Abou Nawas - Lama Tajalla,0.056,5,0.444,0.604,0.55,0.527
Abou Nawas - 3azzou Akhillaya Qalbi,0.024,1,0.294,1.486,0.83,1.074
Abou Tamam - Lamma Raayto Al Amra,0.038,7,0.286,1.67,0.932,0.69
Abou Tamam - Mithla Widdi,0.03,6,0.4,1.33,0.959,0.707
Acharif Arradi - Amaa Konta Ma3a Alhayyi,0.18,3,0.194,0.704,0.641,0.862
Ahmed Al Kiwani - Foaadon miloho amalo,0.07,1,0.179,0.762,0.694,0.262
Ahmed Al Kiwani - Wajdon Lahou,0.04,1,0.222,1.596,0.767,0.806
Ahmed Chawqui - Afifo Al Jahri,0.047,2,0.214,0.896,0.647,1.082
Ahmed Chawqui - Akhathat Na3chaki Misrou,0.239,7,0.098,1.113,0.691,1.094
Ahmed Chawqui - Bayna Sam3i Allah,0.12,6,0.5,1.309,0.944,0.745
Ahmed Chawqui - Fachawdato Riwaayaton,0.154,2,0.05,1.748,0.729,1.524
Ahmed Chawqui - Modnaka,0.18,4,0.111,0.591,0.852,0
Ahmed Chawqui - Yabna Zaydoun Marhaba,0.171,4,0.533,1.011,0.921,0.802
Ahmed Rami - Ila Um Kolthoum,0.078,2,0.129,1.53,0.854,0.91
Al Aacha - Moallaqa,0.165,2,0.136,1.268,0.708,0.968
Al Akhtal - Kad Gharrahom,0.041,3,0.182,1.419,0.882,1.136
Al Bohtori - Maa Lilkabiiri Min Ghawaani,0.192,10,0.08,0.989,0.9,1.282
Al Boussiri - Al Borda,0.1,2,0.175,1.364,0.761,1.012
Al Charif Al Mortada - Ilaa Kam Aqoudo Qawman,0.07,2,1,0.693,1,0
Al Harith Ibn Hiliza - A 3amrou,0.032,2,0.125,1,0.911,0.886
Al Harith Ibn Hiliza - Moallaqa,0.3,3,0.06,1.509,0.775,1.101
Al Hays Bays - Wa Bilqasri Arihi,0.05,1,0.5,0.974,0.887,0.513
Al Hosari Al Qayrawani - Ya Laylo Al Sabbo,0.147,4,0.091,0.655,0.946,0
Al Khansae - Alaa Abki 3laa Sakhr,0.033,2,0.4,1.381,0.996,0.949
Al Khansae - Marahat 3ayni,0.143,9,0.368,1.082,0.985,0.905
Al Manfalouti - Ayyoha Al Fatiko Al Athiimo,0.108,6,0.167,1.282,0.925,1.32
Al Motanabbi - A haqon 3afa bidam3ika,0.098,2,0.182,1.3,0.668,0.833
Al Motanabbi - Aid,0.038,1,0.167,1.475,0.758,0.98
Al Motanabbi - Lahawa Alnofouss,0.252,7,0.139,0.67,0.61,0.167
Al Motanabbi - Maa Lilmorouji Al khodri,0.35,5,0.143,1.048,0.954,0.853
Al Motanabbi - Wa chaamikin mina al jibaali,0.065,7,0.083,1.49,0.832,1.12
Al Naabigha Al Dobiaani - Moallaqa,0.125,2,0.1,1.316,0.734,1.039
Ali Al Jaarem - Al Chariid,0.469,6,0.081,1.344,0.835,0.888
Amr Ibn Kolthoum - Bakarat Ta3tholoni,0.047,8,0.143,1.069,0.771,0.976
Amr Ibn Kolthoum - Moallaqa,0.25,1,0.14,1.096,0.998,0
Antara Ibn Chaddad - Moallaqa,0.712,8,0.067,0.685,0.989,0
Antara Ibn Chaddad - Yaa 3ablo Khalli,0.178,11,0.143,0.685,0.988,0
Assilkato Ommo Al Saliik - Taafa yabghi najwatan,0.08,8,0.583,1.176,0.848,0.492
Aws Ibn Hajr - Alam Taksifi Achamso,0.028,1,0.143,1.083,0.781,0.994
Bachar Ibn Bord - Taala Fi Hind,0.228,7,0.154,0.758,0.471,0.852
Bachar Ibn Bord - Tajahaza Taala Fi Al Nasabi,0.078,1,0.161,1.086,0.989,0
Badiie Azzaman Al Hamadani - Lain Ahrazaka Alda3i,0.13,3,0.269,0.773,0.704,0.894
Badiie Azzaman Al Hamadani - Salamon Raihon Ghadi,0.133,4,0.4,0.5,0.722,0.768
Badiie Azzaman Al Hamadani - Wa chaakiyaton takdibo,0.028,2,0.714,1.092,0.994,0.488
Chadli Khaznah Daar - Raahato Annoha,0.186,3,1,0.693,1,0
Chadli Khaznah Daar - Zaana Tarfoha Al Hawaro,0.102,3,1,0.693,1,0
Gibran Khalil Gibran - Rabbata Al Dawlati,0.16,6,0.125,1.467,0.819,1.054
Hafez Ibrahim - Ahlan Biawali moslimin,0.328,5,0.102,1.249,0.901,0.365
Hafez Ibrahim - Ma Lihatha Annajm,0.066,6,0.636,1.277,0.921,0.688
Hajib Ibn Habib - Batat Taloumo,0.04,2,0.3,0.999,0.91,0.972
Hassan Ibn Thabit - Onthor Khaliili,0.053,4,0.25,1.387,0.862,0.793
Hatim Attaii - Abaa Toolo Laylika,0.036,2,0.111,0.76,0.692,1.269
Ibn Abd Rabbih - Araa Lissibaa,0.025,2,1,0.693,1,0
Ibn Abd Rabbih - Kaabato Al Dolli,0.022,4,0.4,1.398,0.869,0.894
Ibn Abd Rabbih - Ya Laylatan,0.019,3,0.2,1.47,0.914,1.708
Ibn Al Khatib - Mawlaya,0.197,7,0.129,1.306,0.942,0.948
Ibn Al Moatazz - Jaara haada al dahro,0.125,5,0.233,1.651,0.848,0.932
Ibn Al Moatazz - La Ara Fil 3athili,0.06,6,0.273,1.569,0.975,1.168
Ibn Khafaajah - Marra bina wa howa badro,0.067,4,0.267,1.445,0.898,0.516
Ibn Nabaatah Al Misri - Afdi Qamar,0.15,3,0.3,0.804,0.732,0.693
Ibn Roumi - Dardato Ibrahim,0.093,6,0.235,1.368,0.85,1.56
Ibn Roumi - Ghosnon mina al bani,0.053,2,0.333,1.552,0.797,0.816
Ibn Roumi - Lakad Raaynaa 3ajaban,0.208,9,0.067,1.123,0.81,1.264
Ibn Sinae Al Malik - Ayadfa3oni Dahro,0.08,2,0.2,0.957,0.871,1.281
Ibn Sinae Al Malik - Laqad Laqayto Nasban,0.302,8,0.061,1.17,0.727,1.026
Ibn Zaydoun - Ya Ghazalan Asaarani,0.04,4,0.571,0.953,0.867,0.535
Ibn Zaydoun - Yaa Dam3i sob maa chiata,0.129,8,0.095,1.514,0.941,1.238
Ibrahim Nagui - Qolto Lilbahr,0.06,4,0.067,1.483,0.828,1.113
Ilyass Abou Chabaka - Laa Yachoqona arabon,0.06,2,0.933,0.766,0.697,0.258
Jamil Sidki Al Zahawi - Inna man qad jabbalak,0.28,7,0.188,1.35,0.839,1.111
Jarir - Baana Al Khaliito,0.096,2,0.292,0.948,0.863,0.722
Jarir - Inni Imriin,0.058,5,0.133,1.632,0.785,1.251
Khalil Matran - Al Qoloubo Wal Moqalo,0.12,3,1,0.693,1,0
Khalil Matran - Ala chabaabiki,0.021,3,0.4,1.366,0.985,1.14
Khalil Matran - Alaama Yokaamo timthaali,0.12,2,0.375,0.551,0.794,0
Khalil Matran - Hakou Lana,0.017,1,0.167,1.546,0.863,1.055
Lobayd Ibn Rabiia - Moallaqa,0.704,8,0.091,0.671,0.968,0
Mahmoud Sami Al Baroudi - Mas3aak,0.111,7,0.158,1.34,0.833,1.224
Mahmoud Sami Al Baroudi - Waylaho Min Nari Alhawa,0.146,10,0.316,0.785,0.715,0.733
Mikhail Noayma - Sakfo bayti hadid,0.114,4,0.85,0.777,0.708,0.639
Moein Bassissou - Al Milad,0.128,7,0.227,1.25,0.777,1.133
Mohammed Asmouni - Janniniini wa stariihi,0.156,11,1,0,1,0
Mostafa Sadek Al Rafii - Kaasouki Yaa Chamso Al Doha,0.076,2,0.118,0.939,0.483,2.42
Obayd Ibn Al Abrass - Moallaqa,-0.153,-3,0.065,1.949,0.784,1.549
Omar Ibn Abii Rabiia - Alaa yaa bakro kad taraqaa,0.06,2,0.5,0.69,0.995,0
Omar Ibn Abii Rabiia - Taribto Warda Man Tahwaa,0.095,2,0.263,0.693,1,0
Omayma Bint Omaya - Abaa Layli,0.085,3,0.647,0.355,0.323,0.332
Omroo Al Kays - Liman Talalon Bayna Al Jodayyati Wal Jabal,0.183,2,0.182,1.378,0.994,1.218
Omroo Al Kays - Moallaqa,0.135,1,0.111,1.391,0.864,1.167
Omroo Al Kays - Ya Dara Mawiyata,0.055,6,0.2,1.266,0.787,0.568
Qays Ibn Al Molawah - Alaa Fasali Al Rokban,0.053,2,0.188,1.377,0.994,1.025
Safiy Al Din Al Hilli - Ayna Filhimaa Arabo,0,0,0.857,0.975,0.606,0.267
Safiy Al Din Al Hilli - Chakawto Ilayki aljawaa,0.03,1,0.333,1.083,0.781,0.961
Siham Al Brahmi - Bariiqo Al Hibr,0.055,3,0.818,0.216,0.197,0.405
Souleyman Ben Sahman - Yaa Taarikan Limaraadi Allah,0.158,2,0.127,1.502,0.838,0.857
Taabbata Charran - Inna Bi Chaabi,0.155,5,0.129,1.28,0.795,1.055
Tarafa Ibn Al Abd - Achajaaka Al rab3o,0.138,6,0.435,1.314,0.948,0.752
Tarafa Ibn Al Abd - Moallaqa,0.167,1,0.13,1.387,0.862,1.069
Zohayr Ibn Abi Salma - Amin Aali Layla,0.068,2,0.176,0.828,0.754,1.228
Zohayr Ibn Abi Salma - Bana Alkhalit,0.124,3,0.121,1.215,0.755,0.851
Zohayr Ibn Abi Salma - Moallaqa,0.11,1,0.227,1.36,0.845,1
